building_id,address,city,state
ATL_8,"675 W Peachtree St NE, Atlanta, GA, 30308",Atlanta,GA
ATL_13,"50 Hurt Plz SE, Atlanta, GA, 30303",Atlanta,GA
ATL_24,"1180 Peachtree St NE, Atlanta, GA, 30309",Atlanta,GA
ATL_27,"75 5Th St NW, Atlanta, GA, 30308",Atlanta,GA
ATL_36,"2539 Piedmont Rd NE, Atlanta, GA, 30324",Atlanta,GA
ATL_42,"2535 Chantilly Dr NE, Atlanta, GA, 30324",Atlanta,GA
ATL_45,"100 Peachtree St NW, Atlanta, GA, 30303",Atlanta,GA
ATL_47,"230 Peachtree St NW, Atlanta, GA, 30303",Atlanta,GA
ATL_49,"30 Ivan Allen Jr Blvd NW, Atlanta, GA, 30308",Atlanta,GA
ATL_52,"271 17Th St NW, Atlanta, GA, 30363",Atlanta,GA
ATL_55,"725 W Peachtree St NW, Atlanta, GA, 30308",Atlanta,GA
ATL_65,"1 Cnn Center, Atlanta, GA, 30303",Atlanta,GA
ATL_66,"3330 Piedmont Rd NE, Atlanta, GA, 30305",Atlanta,GA
ATL_67,"1700 Monroe Dr NE, Atlanta, GA, 30324",Atlanta,GA
ATL_68,"2685 Stewart Ave SW, Atlanta, GA, 30315",Atlanta,GA
ATL_73,"1225 Caroline St NE, Atlanta, GA, 30307",Atlanta,GA
ATL_95,"1100 Spring St NW, Atlanta, GA, 30309",Atlanta,GA
ATL_105,"999 Peachtree St NE, Atlanta, GA, 30309",Atlanta,GA
ATL_125,"750 Francis Pl NW, Atlanta, GA, 30318",Atlanta,GA
ATL_130,"2000 Lakewood Ave SE, Atlanta, GA, 30315",Atlanta,GA
ATL_144,"254 Peachtree St, Atlanta, GA, 30303",Atlanta,GA
ATL_179,"3630 Peachtree Rd NE, Atlanta, GA, 30326",Atlanta,GA
ATL_180,"1602 Fishburne Dr, Atlanta, GA, 30322",Atlanta,GA
ATL_181,"1300 Clifton Rd NE, Atlanta, GA, 30322",Atlanta,GA
ATL_183,"100 Woodruff Cir NE, Atlanta, GA, 30322",Atlanta,GA
ATL_184,"200 Dowman Dr NE, Atlanta, GA, 30322",Atlanta,GA
ATL_185,"400 Dowman Dr NE, Atlanta, GA, 30322",Atlanta,GA
ATL_186,"301 Dowman Dr NE, Atlanta, GA, 30322",Atlanta,GA
ATL_190,"1518 Clifton Rd NE, Atlanta, GA, 30322",Atlanta,GA
ATL_193,"401 Rollins Way NE, Atlanta, GA, 30329",Atlanta,GA
ATL_194,"550 Asbury Cir, Atlanta, GA, 30322",Atlanta,GA
ATL_197,"505 S Kilgo Cir NE, Atlanta, GA, 30322",Atlanta,GA
ATL_198,"101 Woodruff Cir S, Atlanta, GA, 30322",Atlanta,GA
ATL_199,"615 Michael St NE, Atlanta, GA, 30322",Atlanta,GA
ATL_200,"1784 N Decatur Rd NE, Atlanta, GA, 30322",Atlanta,GA
ATL_202,"1515 Dickey Dr NE, Atlanta, GA, 30322",Atlanta,GA
ATL_203,"540 Asbury Cir, Atlanta, GA, 30322",Atlanta,GA
ATL_206,"1301 Clifton Rd NE, Atlanta, GA, 30322",Atlanta,GA
ATL_208,"104 Trinity Ave SW, Atlanta, GA, 30303",Atlanta,GA
ATL_211,"1700 N Decatur Rd NE, Atlanta, GA, 30322",Atlanta,GA
ATL_215,"532 S Kilgo Cir NE, Atlanta, GA, 30322",Atlanta,GA
ATL_220,"1599 Clifton Rd NE, Atlanta, GA, 30322",Atlanta,GA
ATL_230,"1760 Haygood Dr NE, Atlanta, GA, 30322",Atlanta,GA
ATL_232,"1390 Oxford Rd NE, Atlanta, GA, 30322",Atlanta,GA
ATL_237,"1365 Clifton Rd NE, Atlanta, GA, 30322",Atlanta,GA
ATL_239,"1762 Clifton Rd NE, Atlanta, GA, 30322",Atlanta,GA
ATL_240,"1521 Dickey Dr NE, Atlanta, GA, 30322",Atlanta,GA
ATL_241,"1701 Uppergate Dr NE, Atlanta, GA, 30322",Atlanta,GA
ATL_242,"2015 Upper Gate Dr NE, Atlanta, GA, 30322",Atlanta,GA
ATL_245,"46 Armstrong St SE, Atlanta, GA, 30303",Atlanta,GA
ATL_248,"954 Gatewood Rd NE, Atlanta, GA, 30329",Atlanta,GA
ATL_249,"1615 Clifton Rd NE, Atlanta, GA, 30329",Atlanta,GA
ATL_251,"84 Walton St NW, Atlanta, GA, 30303",Atlanta,GA
ATL_254,"62 Armstrong St SE, Atlanta, GA, 30303",Atlanta,GA
ATL_256,"1364 Clifton Rd NE, Atlanta, GA, 30322",Atlanta,GA
ATL_261,"407 Ashwood Ave SW, Atlanta, GA, 30315",Atlanta,GA
ATL_263,"72 Marietta St NW, Atlanta, GA, 30303",Atlanta,GA
ATL_271,"815 Old Flat Shoals Rd SE, Atlanta, GA, 30312",Atlanta,GA
ATL_278,"1350 Howell Mill Rd NW, Atlanta, GA, 30318",Atlanta,GA
ATL_280,"477 Windsor St SW, Atlanta, GA, 30312",Atlanta,GA
ATL_281,"180 Southside Industrial Pkwy SE, Atlanta, GA, 30354",Atlanta,GA
ATL_300,"303 Parkway Dr NE, Atlanta, GA, 30312",Atlanta,GA
ATL_316,"2020 Peachtree Rd NW, Atlanta, GA, 30309",Atlanta,GA
ATL_319,"3750 Peachtree Rd NE, Atlanta, GA, 30319",Atlanta,GA
ATL_321,"1776 Peachtree St NW, Atlanta, GA, 30309",Atlanta,GA
ATL_339,"233 Peachtree St NE, Atlanta, GA, 30303",Atlanta,GA
ATL_347,"800 Glenwood Ave SE, Atlanta, GA, 30316",Atlanta,GA
ATL_353,"715 Peachtree St NE, Atlanta, GA, 30308",Atlanta,GA
ATL_354,"441 16Th St NW, Atlanta, GA, 30363",Atlanta,GA
ATL_356,"2452 Morosgo Way NE, Atlanta, GA, 30324",Atlanta,GA
ATL_357,"817 W Peachtree St NE, Atlanta, GA, 30308",Atlanta,GA
ATL_359,"3760 Princeton Lakes Pkwy SW, Atlanta, GA, 30331",Atlanta,GA
ATL_365,"Asbury Cir, Atlanta, GA, 30322",Atlanta,GA
ATL_371,"1700 Clifton Rd NE, Atlanta, GA, 30322",Atlanta,GA
ATL_373,"550 Pharr Rd NE, Atlanta, GA, 30305",Atlanta,GA
ATL_383,"275 Centennial Olympic Park Dr NW, Atlanta, GA, 30313",Atlanta,GA
ATL_402,"44 Broad St SW, Atlanta, GA, 30303",Atlanta,GA
ATL_407,"578 Whitehall St SW, Atlanta, GA, 30303",Atlanta,GA
ATL_408,"2033 Monroe Dr NE, Atlanta, GA, 30324",Atlanta,GA
ATL_413,"2393 Metropolitan Pkwy SW, Atlanta, GA, 30315",Atlanta,GA
ATL_414,"104 Harris St, Atlanta, GA, 30303",Atlanta,GA
ATL_417,"1380 Atlantic Dr NW, Atlanta, GA, 30363",Atlanta,GA
ATL_418,"309 E Paces Ferry Rd NE, Atlanta, GA, 30305",Atlanta,GA
ATL_421,"1382 W Peachtree St NW, Atlanta, GA, 30309",Atlanta,GA
ATL_439,"270 Peachtree St, Atlanta, GA, 30303",Atlanta,GA
ATL_450,"3282 Northside Pkwy NW, Atlanta, GA, 30327",Atlanta,GA
ATL_454,"165 Ottley Dr NE, Atlanta, GA, 30324",Atlanta,GA
ATL_458,"1073 W Peachtree St NE, Atlanta, GA, 30309",Atlanta,GA
ATL_466,"1175 Chattahoochee Ave NW, Atlanta, GA, 30318",Atlanta,GA
ATL_468,"767 Trabert Ave NW, Atlanta, GA, 30318",Atlanta,GA
ATL_470,"1240 Menlo Dr NW, Atlanta, GA, 30318",Atlanta,GA
ATL_472,"590 Means St NW, Atlanta, GA, 30318",Atlanta,GA
ATL_475,"3223 Howell Mill Rd NW, Atlanta, GA, 30327",Atlanta,GA
ATL_479,"621 North Ave NE, Atlanta, GA, 30308",Atlanta,GA
ATL_489,"2061 Peachtree Rd NE, Atlanta, GA, 30309",Atlanta,GA
ATL_493,"53 14Th St NE, Atlanta, GA, 30309",Atlanta,GA
ATL_494,"760 Pollard Blvd SW, Atlanta, GA, 30315",Atlanta,GA
ATL_500,"2241 Faulkner Rd NE, Atlanta, GA, 30324",Atlanta,GA
ATL_501,"800 Spring St NW, Atlanta, GA, 30308",Atlanta,GA
ATL_502,"248 Chester Ave SE, Atlanta, GA, 30316",Atlanta,GA
