[{"id": "NYC_1010777502", "address": "520 W 49Th Street, New York, NY, 10019", "city": "New York", "state": "NY", "type": "Office", "vertical": "Commercial", "sqft": 100000.0, "opex": 118284.054, "valuation": 1689772.2, "carbon": 74.12043308, "eui": 81.184704, "image": "NYC_1010777502_streetview.jpg", "lat": 40.764641, "lon": -73.993657}, {"id": "PDX_1N1E27AB-10600-B2", "address": "3131 N Vancouver Ave, Portland, OR, 97227", "city": "Portland", "state": "OR", "type": "Office", "vertical": "Commercial", "sqft": 84995.89302, "opex": 111416.7709, "valuation": 1310785.54, "carbon": 156.9948652, "eui": 116.7, "image": "", "lat": 45.5456199, "lon": -122.6691328}, {"id": "SJ_143", "address": "2731 N 1St St, San Jose, CA, 95134", "city": "San Jose", "state": "CA", "type": "Office", "vertical": "Commercial", "sqft": 51772.0, "opex": 64470.06753, "valuation": 859600.9004, "carbon": 81.54891405, "eui": 78.17790508, "image": "SJ_143_Serpapi.jpg", "lat": 37.390258, "lon": -121.9321359}, {"id": "STL_208", "address": "4050 Lindell Blvd, St. Louis, MO, 63108", "city": "St. Louis", "state": "MO", "type": "Medical Office/Lab", "vertical": "Healthcare", "sqft": 101974.0, "opex": 41776.66942, "valuation": 0.0, "carbon": 71.31390597, "eui": 538.0, "image": "STL_208_Jllproperties.jpg", "lat": 38.6393942, "lon": -90.2448549}, {"id": "CHI_255147", "address": "2200 W Harrison St, Chicago, IL, 60612", "city": "Chicago", "state": "IL", "type": "Retail/Consumer Services", "vertical": "Commercial", "sqft": 62298.0, "opex": 34265.87761, "valuation": 527167.3478461539, "carbon": 42.44980072, "eui": 57.71841513, "image": "CHI_255147_streetview.jpg", "lat": 41.873517, "lon": -87.63346}, {"id": "CA_33935169", "address": "2731 North First Street, San Jose, CA, 95134", "city": "San Jose", "state": "CA", "type": "Retail/Consumer Services", "vertical": "Commercial", "sqft": 51772.0, "opex": 34131.65315, "valuation": 546106.4504, "carbon": 8.773348951, "eui": 40.9436088, "image": "CA_33935169_Serpapi.jpg", "lat": 37.3902164, "lon": -121.9321116}, {"id": "PHL_178632", "address": "2221 Chestnut St., Philadelphia, PA, 19103", "city": "Philadelphia", "state": "PA", "type": "Retail/Consumer Services", "vertical": "Commercial", "sqft": 75495.0, "opex": 29890.65314, "valuation": 459856.2021538461, "carbon": 19.91245053, "eui": 82.414344, "image": "PHL_178632_streetview.jpg", "lat": 39.95284765, "lon": -75.17777749}, {"id": "DEN_3350", "address": "444 Sherman Street, Denver, CO, 80203", "city": "Denver", "state": "CO", "type": "Retail/Consumer Services", "vertical": "Commercial", "sqft": 57600.0, "opex": 3652.101707, "valuation": 56186.1801076923, "carbon": 10.60736929, "eui": 27.37542014, "image": "DEN_3350_streetview.jpg", "lat": 39.7234883, "lon": -104.9846282}]